<?xml version="1.0" encoding="UTF-8"?>
<beans xmlns="http://www.springframework.org/schema/beans"
	xmlns:xsi="http://www.w3.org/2001/XMLSchema-instance"
	xmlns:context="http://www.springframework.org/schema/context"
	xmlns:p="http://www.springframework.org/schema/p"
	xmlns:mvc="http://www.springframework.org/schema/mvc"
	xmlns:tx="http://www.springframework.org/schema/tx"
	xsi:schemaLocation="http://www.springframework.org/schema/beans
    http://www.springframework.org/schema/beans/spring-beans.xsd
    http://www.springframework.org/schema/context
    http://www.springframework.org/schema/context/spring-context.xsd
     http://www.springframework.org/schema/mvc
    http://www.springframework.org/schema/mvc/spring-mvc.xsd
     http://www.springframework.org/schema/tx
    http://www.springframework.org/schema/tx/spring-tx.xsd ">
    
   		 <tx:annotation-driven transaction-manager="transactionManager"/>

     	<context:component-scan base-package="ems" /> 
     	<mvc:annotation-driven />
         <mvc:resources location="WEB-INF/resources/" mapping="/resources/**">
		</mvc:resources>
	    <bean class="org.springframework.web.servlet.view.InternalResourceViewResolver" name="viewResolver">
	    <property name="prefix" value="/WEB-INF/views/"/>
	    <property name="suffix" value=".jsp"></property>
	    </bean>
	    
	    <bean id="multipartResolver"   
  			 class="org.springframework.web.multipart.commons.CommonsMultipartResolver"/>   
	    
	    <bean class="org.springframework.jdbc.datasource.DriverManagerDataSource" name="ds">
			<property name="driverClassName" value="com.mysql.cj.jdbc.Driver"/>
			<property name="url" value="jdbc:mysql://localhost:3306/EMS"/>
			<property name="username" value="root"/>
			<property name="password" value="Drc@1234"/>
	</bean>

	<bean class="org.springframework.orm.hibernate5.LocalSessionFactoryBean" name="factory">
		<property name="dataSource" ref="ds"/>
		<property name="hibernateProperties">
			<props>
				<prop key="hibernate.dialect">org.hibernate.dialect.MySQL57Dialect</prop>
				<prop key="hibernate.show_sql">true</prop>
				<prop key="hibernate.hbm2ddl.auto">update</prop>
			</props>
		</property>
		<property name="annotatedClasses">
			<list>
				<value>ems.entities.User</value>
				<value>ems.entities.Events</value>
				<value>ems.entities.Holidays</value>
				<value>ems.entities.PunchIn</value>
				<value>ems.entities.PunchOut</value>
				<value>ems.entities.Leaves</value>
				<value>ems.entities.Tasks</value>
				<value>ems.entities.Project</value>
			</list>
		</property>
	</bean>

	<bean class="org.springframework.orm.hibernate5.HibernateTemplate" name="hibernateTemplate">
		<property name="sessionFactory" ref="factory"/>
	</bean>
	
	<bean class="ems.dao.UserDao" name="userDao">
		<property name="hibernateTemplate" ref="hibernateTemplate"/>
	</bean>
	 
	<bean class="org.springframework.orm.hibernate5.HibernateTransactionManager" name="transactionManager">
		<property name="sessionFactory" ref="factory"/>
	</bean>
	   
    </beans>